ID;post_title;_post_permalink;category;mltv5_introduction
42701;Les meilleurs drones professionnels;https://meilleurtest.fr/comparatif-drone-professionnel/;Drones;"Les drones sont passés de jouets high-tech pour épater la galerie à de véritables outils de travail, d’où l’apparition des drones professionnels. Proposant des applications variées pour la photo et la vidéo à haute résolution, ces aéronefs <a href=""https://meilleurtest.fr/comparatif-drone/"">ont révolutionné de nombreux secteurs</a> comme le génie civil, le multimédia, l'agriculture et plus récemment le domaine militaire. Mais entre les milliers de modèles disponibles sur Internet, comment savoir si on a vraiment affaire à un drone professionnel, sachant que ce n'est pas seulement une question de prix ou de marque ? Pour cela, découvrez notre sélection des meilleurs drones professionnels et nos conseils pour faire le bon choix."
41281;Les meilleurs drones d'intérieur;https://meilleurtest.fr/comparatif-drone-dinterieur/;Drones;"Invention qui a le vent en poupe, le <a href=""https://meilleurtest.fr/comparatif-drone-quadricoptere"" target=""_blank"" rel=""noopener"">drone</a> permet à la fois de s'amuser et de travailler. Prendre des photos, explorer des endroits difficiles d'accès ou faire la course, ce petit gadget volant possède des fonctionnalités étonnantes. Il se décline en plusieurs modèles et le drone d'intérieur en est un ! Si vous êtes à la recherche d'un drone d'intérieur au meilleur prix, mais de qualité exceptionnelle, suivez ce guide !"
40402;Les meilleurs drones quadricoptères;https://meilleurtest.fr/comparatif-drone-quadricoptere/;Drones;"Un drone quadricoptère, aussi appelé drone quadrirotor ou quadcopter, est un drone équipé de quatre moteurs. Comme toute machine volante, ce dernier vole en embarquant au moins une <a href=""https://meilleurtest.fr/comparatif-cameras-ip/"">caméra</a>, sans pilote mais télécommandé. Le drone quadcopter est apprécié pour sa stabilité en vol. Il est multi usage et vous-même, vous pourriez être amené à l'utiliser. Ce guide d'achat va vous le prouver."
39461;Les meilleurs drones pour débutant;https://meilleurtest.fr/comparatif-drone-pour-debutant/;Drones;Un drone pour débutant est le choix parfait pour connaître et renforcer ses bases en pilotage aérienne. Doté de fonctionnalités d’assistance et de commandes très simples, un engin téléguidé pour novice est simple à contrôler. De plus, il est généralement abordable et suffisamment petit pour le pilotage en intérieur. Découvrez nos meilleures recommandations en termes de drones pour débutant.
39135;Les meilleurs drones de course;https://meilleurtest.fr/comparatif-drone-de-course/;Drones;Depuis quelques années, le drone de course est devenu un véritable phénomène technologique qui séduit de plus en plus de personnes. Que vous soyez un amateur ou un professionnel, il faut savoir bien choisir son racer afin de pouvoir jouir d’une expérience en immersion totale. Avant de procéder à l’achat, vous devez prendre connaissance de certains critères qui vont définir la performance de l’appareil. Par ailleurs, nous vous proposons également dans cet article les meilleures marques de drones de course.
38905;Les meilleurs drones sous-marins;https://meilleurtest.fr/comparatif-drone-sous-marin/;Drones;Les drones sous-marins sont rapidement devenus accessibles, aussi bien au niveau du prix qu’au niveau de la maniabilité. Aujourd’hui, les modèles les plus récents embarquent des technologies de pointe leur permettant d’aller de plus en plus en profondeur sous l’eau tout en capturant des images en très haute résolution. Si vous êtes un passionné de pêche, de plongée ou de navigation de plaisance, un drone sous-marins vous sera d’une très grande aide. Voici les meilleurs modèles disponibles actuellement sur le marché.
38705;Les meilleurs drones à moins de 200 euros;https://meilleurtest.fr/comparatif-drone-a-moins-de-200-euros/;Drones;"Admirer le paysage d’en haut ou prendre des photos aériennes est désormais à la portée du plus grand nombre grâce au drone. Eh oui, détrompez-vous, cet appareil ne coûte plus aussi cher qu'avant. Certains se négocient même en dessous de 200 euros. À titre récréatif ou pour à titre professionnel, avec caméra intégrée ou caméra embarquée, voici notre guide des <a class=""wpil_keyword_link"" title=""meilleurs drones"" href=""https://meilleurtest.fr/comparatif-drone/"" data-wpil-keyword-link=""linked"">meilleurs drones</a> à moins de 200 euros."
38447;Les meilleurs drones pas chers;https://meilleurtest.fr/comparatif-drone-pas-cher/;Drones;"Entre le moment où le drone survolait nos écrans à travers des films de science-fiction et celui où il a débarqué dans nos foyers, quelques années à peine sont passées. Le métier de pilote n’étant pas accessible à tous, le drone a le mérite de réveiller l'enfant qui sommeille en nous pour piloter piloter un objet volant motorisé. Vous rêvez de vous offrir un drone, mais votre budget est limité ? Pas de panique, voici notre guide des <a class=""wpil_keyword_link"" title=""meilleurs drones"" href=""https://meilleurtest.fr/comparatif-drone/"" data-wpil-keyword-link=""linked"">meilleurs drones</a> pas chers."
38383;Les meilleurs drones rapport qualité/prix;https://meilleurtest.fr/comparatif-drones-rapport-qualite-prix/;Drones;Que vous soyez un passionné de drones, un photographe souhaitant étoffer votre arsenal et vos compétences ou simplement une personne à la recherche d'un peu de plaisir dans les airs, ce guide comparatif vous aidera à trouver le drone adapté à vos besoins. Pour vous, nous avons cherché les drones offrant le meilleur rapport qualité/prix. On vous livre également toutes les informations utiles pour faire le bon choix.
38038;Les meilleurs drones solides pour enfant;https://meilleurtest.fr/comparatif-drone-solide-pour-enfant/;Drones;Durant ces dernières années, la technologie des drones n’a cessé d’évoluer. Il existe désormais certains modèles spécialement pour enfant. En effet, ces jouets sont de plus en plus prisés sur le marché avec un chiffre d'affaires qui s’élèvent à plus de 200 millions d’euros. Alors, comment choisir un drone solide pour enfant ? Suivez notre guide pour tout savoir.
38016;Les meilleurs drones photo;https://meilleurtest.fr/comparatif-drone-photo/;Drones;"À pilotage automatique ou manuel, les drones photo vous promettent d’immortaliser vos souvenirs de manière sensationnelle. Ils offrent pour cela des points de vue impossibles à obtenir avec un appareil photo professionnel ou un drone pour débutant. Toutefois, leurs complexités empêchent souvent de trouver le modèle adapté. Afin de vous aider, nous vous proposons donc de faire le tour des <a href=""https://meilleurtest.fr/comparatif-drone/"">meilleurs drones</a> photo."
37773;Les meilleurs drones suiveurs;https://meilleurtest.fr/comparatif-drone-suiveur/;Drones;Egalement appelé drone avec suivi de sujet, un drone suiveur peut suivre une cible à la trace sans avoir besoin d’un partenaire ni de contrôler l’appareil, et ce grâce à la fonction Follow Me. Il convient non seulement aux amateurs de sport et de photographie, mais aussi aux enfants et ceux qui prévoient un usage plus récréatif. Malgré la prédominance de DJI, marque référence mais hors de prix, il n'est pas toujours aisé de choisir son drone suiveur. Notre guide d'achat est là pour vous faire gagner du temps.
37686;Les meilleurs drones;https://meilleurtest.fr/comparatif-drone/;Drones;"Désormais accessibles au grand public, les drones ont vite gagné en popularité. Bien sûr, il n'y a rien de nouveau dans le concept d'avion radiocommandé, mais les drones se distinguent, car ils sont faciles à piloter, sont plus stables et embarquent d'excellentes caméras photo/vidéo. Que vous soyez <a href=""https://meilleurtest.fr/comparatif-drone-photo/"" target=""_blank"" rel=""noopener"">amateur de photographie</a>, de <a href=""https://meilleurtest.fr/comparatif-drone-de-course/"" target=""_blank"" rel=""noopener"">course de drones</a> ou autre, utilisez ce guide d'achat sur les drones pour trouver le modèle qui vous convient."
37502;Les meilleurs drones à moins de 100 euros;https://meilleurtest.fr/comparatif-drone-a-moins-de-100-euros/;Drones;"Les <a href=""https://meilleurtest.fr/comparatif-drone-a-moins-de-200-euros/"">drones</a> sont très appréciés, le marché représente aujourd’hui près de 6 milliards de dollars. Ces appareils sont utilisés pour réaliser des vidéos ou des photos, avec un résultat surprenant. Les modèles les mieux notés sur Internet se vendent à plus de 500 €. Toutefois, il existe d'excellents drones à moins de 100 €, généralement adaptés débutants. Il permettent de se divertir ou de s’habituer au pilotage de drone. Lisez ce guide pour en savoir plus."
37180;Les meilleurs mini drones;https://meilleurtest.fr/comparatif-mini-drone/;Drones;"Comme son nom l'indique, un mini drone a des dimensions nettement inférieures à celles d'un drone classique. Grâce à sa petite taille, il bénéficie d'une excellente maniabilité et peut être aisément piloté par les novices. Contrairement aux idées reçues, les mini <a class=""wpil_keyword_link"" title=""drones"" href=""https://meilleurtest.fr/comparatif-drone/"" data-wpil-keyword-link=""linked"">drones</a> peuvent être plus performants que les aéronefs traditionnels, de dimensions conséquentes."
38038;Les meilleurs drones solides pour enfant;https://meilleurtest.fr/comparatif-drone-solide-pour-enfant/;Drones;Durant ces dernières années, la technologie des drones n’a cessé d’évoluer. Il existe désormais certains modèles spécialement pour enfant. En effet, ces jouets sont de plus en plus prisés sur le marché avec un chiffre d'affaires qui s’élèvent à plus de 200 millions d’euros. Alors, comment choisir un drone solide pour enfant ? Suivez notre guide pour tout savoir.
38016;Les meilleurs drones photo;https://meilleurtest.fr/comparatif-drone-photo/;Drones;"À pilotage automatique ou manuel, les drones photo vous promettent d’immortaliser vos souvenirs de manière sensationnelle. Ils offrent pour cela des points de vue impossibles à obtenir avec un appareil photo professionnel ou un drone pour débutant. Toutefois, leurs complexités empêchent souvent de trouver le modèle adapté. Afin de vous aider, nous vous proposons donc de faire le tour des <a href=""https://meilleurtest.fr/comparatif-drone/"">meilleurs drones</a> photo."
37773;Les meilleurs drones suiveurs;https://meilleurtest.fr/comparatif-drone-suiveur/;Drones;Egalement appelé drone avec suivi de sujet, un drone suiveur peut suivre une cible à la trace sans avoir besoin d’un partenaire ni de contrôler l’appareil, et ce grâce à la fonction Follow Me. Il convient non seulement aux amateurs de sport et de photographie, mais aussi aux enfants et ceux qui prévoient un usage plus récréatif. Malgré la prédominance de DJI, marque référence mais hors de prix, il n'est pas toujours aisé de choisir son drone suiveur. Notre guide d'achat est là pour vous faire gagner du temps.
37686;Les meilleurs drones;https://meilleurtest.fr/comparatif-drone/;Drones;"Désormais accessibles au grand public, les drones ont vite gagné en popularité. Bien sûr, il n'y a rien de nouveau dans le concept d'avion radiocommandé, mais les drones se distinguent, car ils sont faciles à piloter, sont plus stables et embarquent d'excellentes caméras photo/vidéo. Que vous soyez <a href=""https://meilleurtest.fr/comparatif-drone-photo/"" target=""_blank"" rel=""noopener"">amateur de photographie</a>, de <a href=""https://meilleurtest.fr/comparatif-drone-de-course/"" target=""_blank"" rel=""noopener"">course de drones</a> ou autre, utilisez ce guide d'achat sur les drones pour trouver le modèle qui vous convient."
37502;Les meilleurs drones à moins de 100 euros;https://meilleurtest.fr/comparatif-drone-a-moins-de-100-euros/;Drones;"Les <a href=""https://meilleurtest.fr/comparatif-drone-a-moins-de-200-euros/"">drones</a> sont très appréciés, le marché représente aujourd’hui près de 6 milliards de dollars. Ces appareils sont utilisés pour réaliser des vidéos ou des photos, avec un résultat surprenant. Les modèles les mieux notés sur Internet se vendent à plus de 500 €. Toutefois, il existe d'excellents drones à moins de 100 €, généralement adaptés débutants. Il permettent de se divertir ou de s’habituer au pilotage de drone. Lisez ce guide pour en savoir plus."
37180;Les meilleurs mini drones;https://meilleurtest.fr/comparatif-mini-drone/;Drones;"Comme son nom l'indique, un mini drone a des dimensions nettement inférieures à celles d'un drone classique. Grâce à sa petite taille, il bénéficie d'une excellente maniabilité et peut être aisément piloté par les novices. Contrairement aux idées reçues, les mini <a class=""wpil_keyword_link"" title=""drones"" href=""https://meilleurtest.fr/comparatif-drone/"" data-wpil-keyword-link=""linked"">drones</a> peuvent être plus performants que les aéronefs traditionnels, de dimensions conséquentes."
