"ID";"post_title";"_post_permalink";"category";"mltv5_introduction";"mltv5_new_intro"
"36423";"Les meilleurs nettoyeurs vapeur";"https://meilleurtest.fr/comparatif-nettoyeur-vapeur/";"Ménage et produits d'entretien";"";"Sol carrelé, moquette, joints : le nettoyeur vapeur dégraisse et désinfecte sans produit chimique grâce à la pression de la vapeur. Puissance, temps de chauffe et accessoires déterminent la polyvalence. Nous analyserons les nettoyeurs vapeur les plus performants, parmi les <a href=""https://meilleurtest.fr/comparatif-nettoyeur-vapeur-a-main/"">nettoyeurs vapeur à main</a>, les <a href=""https://meilleurtest.fr/comparatif-nettoyeur-vapeur-pour-joints-de-carrelage/"">modèles pour joints de carrelage</a> et les <a href=""https://meilleurtest.fr/comparatif-balai-vapeur-sans-fil/"">balais vapeur sans fil</a>."
"36427";"Les meilleurs aspirateurs robots";"https://meilleurtest.fr/comparatif-aspirateur-robot/";"Aspirateurs et nettoyeurs";"";"Aspirer, laver, se vider : les aspirateurs robots prennent en charge de plus en plus de tâches ménagères. Mais entre la navigation, l'autonomie et les fonctions de lavage, le choix demande réflexion. Ce guide présentera les modèles les plus convaincants, des <a href=""https://meilleurtest.fr/comparatif-robot-aspirateur-laveur/"">robots laveurs</a> aux <a href=""https://meilleurtest.fr/comparatif-aspirateur-robot-pas-cher/"">références accessibles</a>, en passant par les appareils conçus pour les <a href=""https://meilleurtest.fr/comparatif-robot-aspirateur-pour-poils-danimaux/"">poils d'animaux</a>, pour trouver votre aspirateur robot."
"36432";"Les meilleures chaises hautes bébé";"https://meilleurtest.fr/comparatif-chaise-haute-bebe/";"Puériculture et parentalité";"";"Repas après repas, la chaise haute doit conjuguer sécurité, confort et praticité. Harnais, plateau amovible et hauteur réglable varient d'un modèle à l'autre, tout comme la facilité de nettoyage. Nous départagerons les chaises hautes bébé les plus convaincantes, parmi les <a href=""https://meilleurtest.fr/comparatif-chaise-haute-evolutive/"">chaises hautes évolutives</a> et les <a href=""https://meilleurtest.fr/comparatif-chaise-haute-en-bois/"">chaises hautes en bois</a>, face aux <a href=""https://meilleurtest.fr/comparatif-rehausseur-de-chaise/"">rehausseurs de chaise</a> comme alternative compacte."
"36514";"Les meilleurs berceaux bébé";"https://meilleurtest.fr/comparatif-berceau-bebe/";"Puériculture et parentalité";"";"Les premiers mois, le berceau enveloppe le nouveau-né dans un espace rassurant et adapté à sa taille. Balancement, hauteur ajustable et cododo sont autant de critères à évaluer. Nous montrerons les berceaux bébé les plus sûrs. Pour compléter l'espace de sommeil, consultez aussi les <a href=""https://meilleurtest.fr/comparatif-transat-bebe/"">transats bébé</a>, les <a href=""https://meilleurtest.fr/comparatif-gigoteuse/"">gigoteuses</a> et les <a href=""https://meilleurtest.fr/comparatif-ciel-de-lit-bebe/"">ciels de lit bébé</a>."
"36519";"Les meilleurs sièges auto bébé";"https://meilleurtest.fr/comparatif-siege-auto/";"Puériculture et parentalité";"";"Nacelle, coque ou siège évolutif : le siège auto protège votre enfant à chaque trajet, de la naissance à l'adolescence. Fixation Isofix, rotation et homologation i-Size conditionnent la sécurité. Nous présenterons les sièges auto les plus fiables, parmi les <a href=""https://meilleurtest.fr/comparatif-siege-auto-pivotant/"">sièges auto pivotants</a>, les <a href=""https://meilleurtest.fr/comparatif-siege-auto-groupe-1-2-3/"">sièges auto groupe 1/2/3</a> et les <a href=""https://meilleurtest.fr/comparatif-siege-auto-evolutif/"">sièges auto évolutifs</a>."
"36524";"Les meilleurs aspirateurs";"https://meilleurtest.fr/comparatif-aspirateur/";"Aspirateurs et nettoyeurs";"";"Traîneaux, balais, robots : le marché des aspirateurs couvre aujourd'hui des besoins très différents. Puissance, maniabilité, niveau sonore et type de filtration varient d'un format à l'autre. Ce guide accompagnera votre réflexion en comparant les <a href=""https://meilleurtest.fr/comparatif-aspirateur-balai/"">aspirateurs balais</a>, les <a href=""https://meilleurtest.fr/comparatif-aspirateur-sans-sac/"">modèles sans sac</a>, les <a href=""https://meilleurtest.fr/comparatif-aspirateur-sans-fil/"">versions sans fil</a> et les appareils au meilleur <a href=""https://meilleurtest.fr/comparatif-aspirateurs-rapport-qualite-prix/"">rapport qualité-prix</a> pour trouver l'aspirateur adapté à votre intérieur."
"36571";"Les meilleurs taille-haies thermiques";"https://meilleurtest.fr/comparatif-taille-haie-thermique/";"Jardinage";"";"Branches épaisses et haies denses cèdent vite sous un taille-haie thermique. Cylindrée, longueur de coupe et système anti-vibrations conditionnent le confort et l'efficacité. Nous analyserons les taille-haies thermiques les plus performants, en les comparant aux <a href=""https://meilleurtest.fr/comparatif-taille-haie-electrique/"">taille-haies électriques</a>, aux <a href=""https://meilleurtest.fr/comparatif-taille-haies-a-batterie/"">taille-haies à batterie</a> et aux <a href=""https://meilleurtest.fr/comparatif-taille-haie-telescopique/"">taille-haies télescopiques</a>."
"36583";"Les meilleurs aspirateurs traîneaux";"https://meilleurtest.fr/comparatif-aspirateur-traineau/";"Aspirateurs et nettoyeurs";"";"Puissants et endurants, les aspirateurs traîneaux restent une valeur sûre pour les grandes surfaces. Avec ou sans sac, filaires et souvent plus silencieux que les balais, ils conviennent aux ménages qui recherchent l'efficacité avant la compacité. Ce guide éclairera votre choix entre les <a href=""https://meilleurtest.fr/comparatif-aspirateur-traineau-avec-sac/"">traîneaux avec sac</a>, les <a href=""https://meilleurtest.fr/comparatif-aspirateur-traineau-sans-sac/"">modèles sans sac</a> et les <a href=""https://meilleurtest.fr/comparatif-aspirateur-avec-sac-silencieux/"">références silencieuses</a>."
"36586";"Les meilleurs barbecues portables";"https://meilleurtest.fr/comparatif-barbecue-portable/";"BBQ et grillades";"";"Pique-niques, campings, balcons étroits : les barbecues portables doivent allier compacité et puissance de chauffe dans un format transportable. Charbon, gaz ou électrique, chaque énergie a ses atouts. Nous analyserons les modèles les plus convaincants, des <a href=""https://meilleurtest.fr/comparatif-barbecue-a-charbon/"">barbecues à charbon</a> aux <a href=""https://meilleurtest.fr/comparatif-barbecue-a-gaz/"">barbecues à gaz</a>, en passant par les <a href=""https://meilleurtest.fr/comparatif-brasero-barbecue/"">braseros barbecues</a>, pour trouver votre barbecue portable."
"36601";"Les meilleures tronçonneuses électriques";"https://meilleurtest.fr/comparatif-tronconneuse-electrique/";"Jardinage";"";"Filaires et puissantes, les tronçonneuses électriques conviennent aux coupes de bois en milieu résidentiel sans les contraintes du moteur thermique. Longueur de guide, puissance et tension de chaîne varient d'un modèle à l'autre. Nous passerons en revue les plus efficaces, face aux <a href=""https://meilleurtest.fr/comparatif-tronconneuse/"">tronçonneuses classiques</a>, aux <a href=""https://meilleurtest.fr/comparatif-tronconneuse-thermique/"">tronçonneuses thermiques</a> et aux <a href=""https://meilleurtest.fr/comparatif-tronconneuse-elagueuse-thermique/"">tronçonneuses élagueuses</a>."
"36622";"Les meilleures banques en ligne pour un compte joint";"https://meilleurtest.fr/comparatif-banque-compte-joint/";"Banques en ligne";"";"Gérer un budget à deux demande un compte joint clair et sans frais cachés. Plafonds de carte, accès partagé et tarification mensuelle varient beaucoup d'une banque en ligne à l'autre. Nous classerons les offres les plus avantageuses pour un couple, face aux <a href=""https://meilleurtest.fr/comparatif-banque-en-ligne-gratuite/"">banques en ligne gratuites</a>, aux <a href=""https://meilleurtest.fr/comparatif-neobanque/"">néobanques</a> et aux <a href=""https://meilleurtest.fr/comparatif-banque-sans-condition-de-revenu/"">banques sans condition de revenu</a>."
"36651";"Les meilleurs matelas 140x190";"https://meilleurtest.fr/comparatif-matelas-140x190/";"Sommeil et literie";"";"Le format 140x190 reste le plus répandu dans les foyers français pour un couchage deux places. Entre mousse, <a href=""https://meilleurtest.fr/comparatif-matelas-a-memoire-de-forme/"">mémoire de forme</a>, <a href=""https://meilleurtest.fr/comparatif-matelas-latex/"">latex</a> et <a href=""https://meilleurtest.fr/comparatif-matelas-a-ressorts-ensaches/"">ressorts ensachés</a>, les technologies diffèrent sur le soutien et la régulation thermique. Nous comparerons les matelas 140x190 les plus performants pour vous permettre de trouver le modèle adapté à votre morphologie et vos habitudes de sommeil."
"36665";"Les meilleurs matelas 160x200";"https://meilleurtest.fr/comparatif-matelas-160x200/";"Sommeil et literie";"";"Prisé par les couples en quête d'espace, le format 160x200 offre un couchage généreux. Fermeté, indépendance de couchage et ventilation varient selon les technologies, du <a href=""https://meilleurtest.fr/comparatif-matelas-a-memoire-de-forme/"">matelas à mémoire de forme</a> au <a href=""https://meilleurtest.fr/comparatif-matelas-hybride/"">matelas hybride</a> en passant par le <a href=""https://meilleurtest.fr/comparatif-matelas-ferme/"">matelas ferme</a>. Nous analyserons les matelas 160x200 les plus convaincants pour vous permettre de choisir un modèle qui respecte le confort de chaque dormeur."
"36668";"Les meilleures pompes à chaleur";"https://meilleurtest.fr/comparatif-pompe-a-chaleur/";"Climatisation";"";"Chauffage en hiver, fraîcheur en été : les pompes à chaleur exploitent les calories de l'air extérieur pour réguler la température du logement. COP, niveau sonore et surface couverte conditionnent le choix du bon modèle. Ce guide guidera votre sélection parmi les pompes à chaleur, en lien avec les <a href=""https://meilleurtest.fr/comparatif-climatiseur/"">climatiseurs</a>, les <a href=""https://meilleurtest.fr/comparatif-pompe-a-chaleur-air-eau/"">pompes à chaleur air eau</a> et les <a href=""https://meilleurtest.fr/comparatif-climatisation-reversible/"">climatisations réversibles</a>."
"36696";"Les meilleures banques en ligne";"https://meilleurtest.fr/comparatif-banque-ligne/";"Banques en ligne";"";"Zéro frais de tenue de compte, carte gratuite et application complète : les banques en ligne bousculent le modèle traditionnel. Mais les conditions d'accès, les plafonds et les services annexes diffèrent selon l'établissement. Nous décrirons les offres les plus compétitives, en les confrontant aux <a href=""https://meilleurtest.fr/comparatif-banque/"">banques traditionnelles</a>, aux <a href=""https://meilleurtest.fr/comparatif-neobanque/"">néobanques</a> et aux <a href=""https://meilleurtest.fr/comparatif-banque-pour-jeunes/"">banques pour les jeunes</a>."
"36698";"Les meilleurs sommiers";"https://meilleurtest.fr/comparatif-sommier/";"Sommeil et literie";"";"Le sommier forme avec le matelas un duo essentiel pour la qualité du sommeil. À lattes, <a href=""https://meilleurtest.fr/comparatif-sommier-tapissier/"">tapissier</a> ou à plots, chaque type modifie la fermeté et la ventilation de votre literie. Associé à un bon <a href=""https://meilleurtest.fr/comparatif-matelas-a-memoire-de-forme/"">matelas à mémoire de forme</a> ou complété par un <a href=""https://meilleurtest.fr/comparatif-protege-matelas/"">protège-matelas</a>, il prolonge aussi la durée de vie de votre couchage. Nous passerons en revue les sommiers les plus fiables du marché."
"36708";"Les meilleures planchas en fonte";"https://meilleurtest.fr/comparatif-plancha-fonte/";"BBQ et grillades";"";"Lourdes et résistantes, les planchas en fonte conservent la chaleur et offrent une cuisson homogène sur toute la surface. Fonte brute ou émaillée, chaque finition a ses contraintes d'entretien. Nous passerons en revue les planchas en fonte les plus performantes, en les replaçant face aux <a href=""https://meilleurtest.fr/comparatif-plancha/"">planchas classiques</a>, aux <a href=""https://meilleurtest.fr/comparatif-plancha-a-gaz-en-fonte-emaillee/"">modèles à gaz en fonte émaillée</a> et aux <a href=""https://meilleurtest.fr/comparatif-planchas-rapport-qualite-prix/"">planchas rapport qualité-prix</a>."
"36728";"Les meilleurs matelas 90x190";"https://meilleurtest.fr/comparatif-matelas-90x190/";"Sommeil et literie";"";"Le format 90x190 convient aussi bien aux enfants qu'aux adolescents ou aux couchages d'appoint. Entre <a href=""https://meilleurtest.fr/comparatif-matelas-latex/"">latex</a>, mousse haute résilience et <a href=""https://meilleurtest.fr/comparatif-matelas-a-ressorts-ensaches/"">ressorts ensachés</a>, la fermeté et la durabilité varient considérablement d'un modèle à l'autre. Compléter la literie avec un bon <a href=""https://meilleurtest.fr/comparatif-sommier-tapissier/"">sommier tapissier</a> renforce le soutien. Nous identifierons les matelas 90x190 qui offrent le meilleur rapport qualité-confort dans ce format une place."
"36758";"Les meilleurs matelas 180x200";"https://meilleurtest.fr/comparatif-matelas-180x200/";"Sommeil et literie";"";"Le format 180x200, dit king size, procure un espace de couchage généreux pour les couples qui veulent dormir sans se gêner. Indépendance de couchage, ventilation et soutien lombaire dépendent du garnissage choisi, qu'il s'agisse de <a href=""https://meilleurtest.fr/comparatif-matelas-a-memoire-de-forme/"">mousse à mémoire de forme</a>, de <a href=""https://meilleurtest.fr/comparatif-matelas-latex/"">latex naturel</a> ou de modèles <a href=""https://meilleurtest.fr/comparatif-matelas-hybride/"">hybrides</a>. Nous distinguerons les matelas 180x200 capables de conjuguer confort et longévité pour un sommeil réparateur."
"36831";"Les meilleurs surmatelas";"https://meilleurtest.fr/comparatif-surmatelas/";"Sommeil et literie";"";"Posé sur un matelas vieillissant ou trop ferme, le surmatelas modifie sensiblement le confort de votre literie sans la remplacer. <a href=""https://meilleurtest.fr/comparatif-surmatelas-a-memoire-de-forme/"">Mémoire de forme</a>, mousse haute densité ou fibres naturelles, chaque garnissage répond à un besoin précis. Associé à un <a href=""https://meilleurtest.fr/comparatif-protege-matelas/"">protège-matelas</a>, il prolonge la durée de vie du couchage. Nous départagerons les surmatelas qui conviennent aux dormeurs <a href=""https://meilleurtest.fr/comparatif-surmatelas-pour-ceux-qui-dorment-sur-cote/"">sur le côté</a> comme à ceux qui recherchent un soutien lombaire renforcé."
"36845";"Les meilleures souris gamer";"https://meilleurtest.fr/comparatif-souris-gamer/";"Gaming";"";"Capteur optique, poids ajustable, switches rapides : les souris gamer se distinguent par la précision du tracking et la réactivité des clics. Chaque style de jeu demande un capteur et une forme différents. Ce guide détaillera les souris gamer les plus performantes, des <a href=""https://meilleurtest.fr/comparatif-souris-gamer-pour-fps/"">souris gamer pour FPS</a> aux <a href=""https://meilleurtest.fr/comparatif-souris-gamer-pas-chere/"">souris gamer pas chères</a>, sans oublier les <a href=""https://meilleurtest.fr/comparatif-tapis-de-souris-gamer/"">tapis de souris gamer</a> pour compléter votre setup."
"36857";"Les meilleurs porte-bébés pour la randonnée";"https://meilleurtest.fr/comparatif-porte-bebe-pour-randonnee/";"Puériculture et parentalité";"";"Sentiers escarpés, longues marches en forêt : le porte-bébé de randonnée supporte le poids de l'enfant tout en préservant le dos du porteur. Armature, harnais et pare-soleil varient selon les modèles. Nous classerons les porte-bébés de randonnée les plus solides, face aux <a href=""https://meilleurtest.fr/comparatif-porte-bebe/"">porte-bébés classiques</a>, aux <a href=""https://meilleurtest.fr/comparatif-porte-bebe-physiologique/"">porte-bébés physiologiques</a> et aux <a href=""https://meilleurtest.fr/comparatif-echarpe-de-portage-pour-bebe/"">écharpes de portage</a>."
"36883";"Les meilleurs babyphones vidéo";"https://meilleurtest.fr/comparatif-babyphone-video/";"Puériculture et parentalité";"";"Surveiller le sommeil de votre bébé depuis une autre pièce : le babyphone vidéo ajoute l'image au son pour un suivi rassurant. Portée, qualité d'écran et vision nocturne séparent les modèles. Nous décrirons les babyphones vidéo les plus fiables, parmi les <a href=""https://meilleurtest.fr/comparatif-babyphone/"">babyphones audio</a>, les <a href=""https://meilleurtest.fr/comparatif-babyphone-longue-portee/"">babyphones longue portée</a> et les <a href=""https://meilleurtest.fr/comparatif-camera-pour-bebe/"">caméras pour bébé</a>."
"36898";"Les meilleurs sèche-cheveux professionnel";"https://meilleurtest.fr/comparatif-seche-cheveux-professionnel/";"Beauté des cheveux";"";"Puissance, température et débit d'air : les sèche-cheveux professionnels sont conçus pour un usage intensif en salon. Moteur AC, concentrateur et technologie ionique font la différence par rapport aux modèles grand public. Nous avons testé les sèche-cheveux professionnels du marché, face aux <a href=""https://meilleurtest.fr/comparatif-seche-cheveux-ionique/"">modèles ioniques</a>, aux <a href=""https://meilleurtest.fr/comparatif-seche-cheveux-silencieux/"">sèche-cheveux silencieux</a> et aux <a href=""https://meilleurtest.fr/comparatif-brosse-soufflante-chauffante/"">brosses soufflantes chauffantes</a>."
"36927";"Les meilleures débroussailleuses thermiques";"https://meilleurtest.fr/comparatif-debroussailleuse-thermique/";"Jardinage";"";"Puissantes et autonomes, les débroussailleuses thermiques attaquent les herbes hautes, les ronces et les terrains accidentés sans limite de câble. Cylindrée, type de harnais et tête de coupe influencent le rendement. Nous identifierons les débroussailleuses thermiques les plus fiables, parmi les <a href=""https://meilleurtest.fr/comparatif-debroussailleuse/"">débroussailleuses classiques</a>, les <a href=""https://meilleurtest.fr/comparatif-debroussailleuse-a-dos/"">débroussailleuses à dos</a> et les <a href=""https://meilleurtest.fr/comparatif-debroussailleuse-4-1/"">débroussailleuses 4-en-1</a>."
"36928";"Les meilleurs matelas en mousse";"https://meilleurtest.fr/comparatif-matelas-mousse/";"Sommeil et literie";"";"La mousse reste la technologie de matelas la plus accessible et la plus variée. Polyuréthane, haute résilience ou <a href=""https://meilleurtest.fr/comparatif-matelas-a-memoire-de-forme/"">mémoire de forme</a>, chaque formulation influence la fermeté, le soutien et la dissipation de chaleur. Certains modèles rivalisent avec le <a href=""https://meilleurtest.fr/comparatif-matelas-latex/"">latex</a> ou les <a href=""https://meilleurtest.fr/comparatif-matelas-a-ressorts-ensaches/"">ressorts ensachés</a> sur la durabilité. Nous montrerons quels matelas en mousse tiennent leurs promesses de confort nuit après nuit."
"36944";"Les meilleures débroussailleuses électriques";"https://meilleurtest.fr/comparatif-debroussailleuse-electrique/";"Jardinage";"";"Légères et silencieuses, les débroussailleuses électriques conviennent aux jardins de taille moyenne sans les contraintes d'entretien du moteur thermique. Filaires ou à batterie, elles réduisent le bruit et les vibrations. Nous distinguerons les débroussailleuses électriques les plus efficaces, face aux <a href=""https://meilleurtest.fr/comparatif-debroussailleuse/"">débroussailleuses classiques</a>, aux <a href=""https://meilleurtest.fr/comparatif-debroussailleuse-a-batterie/"">débroussailleuses à batterie</a> et aux <a href=""https://meilleurtest.fr/comparatif-coupe-bordure-electrique/"">coupe-bordures électriques</a>."
"36977";"Les meilleurs aspirateurs de table";"https://meilleurtest.fr/comparatif-aspirateur-de-table/";"Aspirateurs et nettoyeurs";"";"Miettes sur le plan de travail, poussière sur le bureau, résidus dans la voiture : les aspirateurs de table règlent ces petits désagréments en quelques secondes. Compacts et sans fil, ils complètent un <a href=""https://meilleurtest.fr/comparatif-aspirateur-balai/"">aspirateur balai</a> ou un <a href=""https://meilleurtest.fr/comparatif-aspirateur-sans-fil/"">modèle sans fil</a> classique. Ce guide simplifiera votre choix parmi les références les plus efficaces, y compris pour votre <a href=""https://meilleurtest.fr/comparatif-aspirateur-de-voiture/"">habitacle de voiture</a>."
"36995";"Les meilleurs oreillers anti-ronflements";"https://meilleurtest.fr/comparatif-oreiller-anti-ronflements/";"Sommeil et literie";"";"Un oreiller adapté peut réduire significativement les ronflements en maintenant les voies respiratoires dégagées. La hauteur, l'inclinaison et le garnissage jouent un rôle clé, qu'il s'agisse de modèles <a href=""https://meilleurtest.fr/comparatif-oreiller-ergonomique/"">ergonomiques</a>, <a href=""https://meilleurtest.fr/comparatif-oreiller-orthopedique/"">orthopédiques</a> ou à mémoire de forme. Associé à un <a href=""https://meilleurtest.fr/comparatif-oreiller-pour-dormir-sur-cote/"">oreiller latéral</a> adapté à votre position, le résultat s'améliore encore. Nous présenterons les oreillers anti-ronflements les plus efficaces pour des nuits calmes."
"37003";"Les meilleurs robots piscine";"https://meilleurtest.fr/comparatif-robot-piscine/";"Piscine et spa";"";"Fond, parois, ligne d'eau : le robot piscine prend en charge le nettoyage complet du bassin sans effort. Électrique, hydraulique ou à pression, chaque technologie convient à un type de piscine. Nous distinguerons les robots piscine les plus efficaces, parmi les <a href=""https://meilleurtest.fr/comparatif-robot-piscine-sans-fil/"">robots piscine sans fil</a>, les <a href=""https://meilleurtest.fr/comparatif-robot-piscine-dolphin/"">robots piscine Dolphin</a> et les <a href=""https://meilleurtest.fr/comparatif-robot-piscine-zodiac/"">robots piscine Zodiac</a>."
"37077";"Les meilleurs barbecues électriques";"https://meilleurtest.fr/comparatif-barbecue-electrique/";"BBQ et grillades";"";"Sans fumée excessive et simples à brancher, les barbecues électriques conviennent aux balcons et aux espaces où le charbon est interdit. La montée en température et la surface de cuisson varient beaucoup selon les modèles. Nous identifierons les barbecues électriques les plus efficaces, face aux <a href=""https://meilleurtest.fr/comparatif-barbecue/"">barbecues classiques</a>, aux <a href=""https://meilleurtest.fr/comparatif-grill-viande/"">grills viande</a> et aux <a href=""https://meilleurtest.fr/comparatif-plancha-electrique-pour-l-exterieur/"">planchas électriques pour l'extérieur</a>."
"37079";"Les meilleurs sèche-cheveux";"https://meilleurtest.fr/comparatif-seche-cheveux/";"Beauté des cheveux";"";"Ionique, céramique, tourmaline : les technologies de séchage se multiplient sans que les différences soient toujours lisibles. Puissance, poids et accessoires déterminent le confort au quotidien. Nous avons analysé les sèche-cheveux les plus convaincants, des <a href=""https://meilleurtest.fr/comparatif-seche-cheveux-diffuseur/"">modèles à diffuseur</a> aux <a href=""https://meilleurtest.fr/comparatif-seche-cheveux-de-voyage/"">sèche-cheveux de voyage</a>, en passant par les modèles pour <a href=""https://meilleurtest.fr/comparatif-seche-cheveux-pour-cheveux-boucles/"">cheveux bouclés</a>."
"37090";"Les meilleures planchas à gaz";"https://meilleurtest.fr/comparatif-plancha-a-gaz/";"BBQ et grillades";"";"Puissantes et rapides à chauffer, les planchas à gaz permettent de saisir viandes et légumes avec précision. Le nombre de brûleurs, le matériau de la plaque et la gestion des graisses font la différence. Nous distinguerons les planchas à gaz les plus abouties, face aux <a href=""https://meilleurtest.fr/comparatif-plancha/"">planchas tous types</a>, aux <a href=""https://meilleurtest.fr/comparatif-plancha-electrique-inox/"">planchas électriques inox</a> et aux <a href=""https://meilleurtest.fr/comparatif-barbecue-a-gaz/"">barbecues à gaz</a>."
"37112";"Les meilleurs matelas";"https://meilleurtest.fr/comparatif-matelas/";"Sommeil et literie";"";"Le choix d'un matelas conditionne la qualité de vos nuits pour plusieurs années. <a href=""https://meilleurtest.fr/comparatif-matelas-a-memoire-de-forme/"">Mémoire de forme</a>, <a href=""https://meilleurtest.fr/comparatif-matelas-latex/"">latex</a>, <a href=""https://meilleurtest.fr/comparatif-matelas-hybride/"">hybride</a> ou <a href=""https://meilleurtest.fr/comparatif-matelas-a-ressorts-ensaches/"">ressorts ensachés</a>, chaque technologie répond à un profil de dormeur différent. La fermeté, la ventilation et l'indépendance de couchage orientent la décision autant que le budget. Nous classerons les matelas les plus performants pour vous permettre de trouver celui qui correspond à vos besoins."
"37113";"Les meilleurs matelas pour le mal de dos";"https://meilleurtest.fr/comparatif-matelas-pour-mal-de-dos/";"Sommeil et literie";"";"Les douleurs dorsales perturbent le sommeil et s'aggravent sur un matelas inadapté. Un soutien ciblé au niveau lombaire fait toute la différence, que le modèle soit en <a href=""https://meilleurtest.fr/comparatif-matelas-a-memoire-de-forme/"">mousse à mémoire de forme</a>, en <a href=""https://meilleurtest.fr/comparatif-matelas-latex/"">latex</a> ou de type <a href=""https://meilleurtest.fr/comparatif-matelas-hybride/"">hybride</a>. Un <a href=""https://meilleurtest.fr/comparatif-surmatelas-pour-mal-de-dos/"">surmatelas</a> adapté renforce encore l'alignement de la colonne vertébrale. Nous décrirons les matelas pour le mal de dos qui associent fermeté progressive et confort durable."
"37150";"Les meilleurs aspirateurs à main";"https://meilleurtest.fr/comparatif-aspirateur-a-main/";"Aspirateurs et nettoyeurs";"";"Légers et maniables, les aspirateurs à main interviennent là où les gros appareils ne vont pas : sièges de voiture, coussins, recoins d'escalier. Leur format réduit en fait un complément à un <a href=""https://meilleurtest.fr/comparatif-aspirateur-sans-fil/"">aspirateur sans fil</a> plus puissant. Ce guide facilitera votre recherche en comparant autonomie, aspiration et accessoires, que ce soit pour la <a href=""https://meilleurtest.fr/comparatif-aspirateur-de-voiture/"">voiture</a> ou les <a href=""https://meilleurtest.fr/comparatif-aspirateur-pour-escaliers/"">escaliers</a>."
"37162";"Les meilleurs souffleurs de feuilles sans fil";"https://meilleurtest.fr/comparatif-souffleur-de-feuilles-sans-fil/";"Jardinage";"";"Mobilité totale et démarrage instantané : les souffleurs de feuilles sans fil libèrent du câble et du réservoir d'essence. Puissance de souffle, autonomie et poids varient d'une référence à l'autre. Nous départagerons les meilleurs souffleurs sans fil, en les replaçant face aux <a href=""https://meilleurtest.fr/comparatif-souffleur-de-feuilles/"">souffleurs de feuilles classiques</a>, aux <a href=""https://meilleurtest.fr/comparatif-souffleur-de-feuilles-electriques/"">souffleurs électriques</a> et aux <a href=""https://meilleurtest.fr/comparatif-souffleur-thermique/"">souffleurs thermiques</a>."
